{"kishan1": 6.657666963211728, "kishan2": 26.95645071702186, "kishan3": 33.91366132715248}