{"kishan3": 33.91366132715248, "kishan2": 26.95645071702186, "kishan1": 6.657666963211728}