{"kishan kumar": 35.03519205659241, "kishan3": 33.91366132715248, "kishan2": 26.95645071702186, "kishan800": 20.712385617507234, "kishan121": 18.277289836478264, "kishan83": 13.234810804016698, "kishan1": 6.657666963211728}